user_id,failed_logins,session_time,process_id
user_0,12,457,process_39
user_0,12,491,process_12
user_0,12,564,process_33
user_0,9,463,process_30
user_1,0,992,process_22
user_1,5,743,process_5
user_1,5,785,process_5
user_2,5,799,process_40
user_2,6,732,process_5
user_2,6,762,process_3
user_2,8,748,process_29
user_3,0,1002,process_35
user_3,0,919,process_39
user_3,0,940,process_34
user_3,1,1052,process_34
user_4,11,515,process_49
user_4,12,544,process_16
user_4,12,531,process_24
user_5,0,1049,process_46
user_5,0,1001,process_4
user_5,0,988,process_31
user_6,7,693,process_37
user_6,5,799,process_49
user_6,4,782,process_48
user_6,2,693,process_25
user_7,4,733,process_32
user_7,7,759,process_16
user_7,7,735,process_21
user_7,6,736,process_17
user_8,12,524,process_22
user_8,11,513,process_39
user_8,11,531,process_21
user_9,12,443,process_34
user_9,1,992,process_8
user_9,7,770,process_5
user_9,7,752,process_5
user_10,0,996,process_34
user_10,0,1060,process_15
user_10,0,903,process_34
user_10,0,1054,process_37
user_11,0,1048,process_46
user_11,1,967,process_15
user_11,1,1028,process_34
user_12,0,976,process_7
user_12,0,1008,process_34
user_12,7,764,process_40
user_13,12,440,process_39
user_13,12,487,process_15
user_13,0,999,process_32
user_14,1,973,process_37
user_14,1,1030,process_41
user_14,0,1008,process_16
user_15,8,787,process_11
user_15,7,730,process_5
user_15,5,696,process_49
user_15,9,730,process_16
user_16,7,710,process_8
user_16,6,745,process_31
user_16,8,749,process_46
user_16,7,730,process_5
user_17,11,499,process_39
user_17,11,542,process_39
user_17,10,514,process_39
user_18,0,990,process_2
user_18,0,1049,process_34
user_18,0,1007,process_4
user_18,1,985,process_2
user_19,12,523,process_25
user_19,12,523,process_6
user_19,0,1033,process_34
user_20,1,977,process_28
user_20,0,1006,process_34
user_20,1,982,process_34
user_20,0,1003,process_40
user_21,0,1021,process_46
user_21,1,1028,process_23
user_21,2,1041,process_32
user_21,6,746,process_5
user_22,1,950,process_16
user_22,7,716,process_35
user_22,4,771,process_32
user_22,7,726,process_5
user_23,12,471,process_26
user_23,12,575,process_12
user_23,11,551,process_39
user_23,12,452,process_13
user_24,0,972,process_2
user_24,0,1014,process_16
user_24,0,1016,process_17
user_25,11,404,process_11
user_25,11,559,process_35
user_25,12,502,process_16
user_25,12,467,process_39
user_26,12,441,process_32
user_26,12,470,process_39
user_26,11,513,process_39
user_27,7,748,process_5
user_27,4,736,process_5
user_27,8,756,process_36
user_28,1,1027,process_29
user_28,0,979,process_34
user_28,0,957,process_4
user_28,1,1000,process_34
user_29,12,454,process_26
user_29,12,449,process_16
user_29,11,518,process_32
user_30,5,728,process_5
user_30,7,755,process_5
user_30,6,770,process_32
user_30,10,782,process_23
user_31,7,767,process_19
user_31,3,767,process_36
user_31,5,801,process_8
user_31,8,756,process_5
user_32,7,742,process_48
user_32,6,748,process_5
user_32,2,650,process_5
user_33,12,469,process_46
user_33,12,419,process_32
user_33,12,507,process_43
user_33,12,504,process_19
user_34,11,514,process_17
user_34,10,441,process_39
user_34,11,558,process_28
user_35,11,539,process_29
user_35,3,686,process_37
user_35,6,743,process_5
user_35,6,719,process_3
user_36,7,775,process_4
user_36,6,735,process_0
user_36,7,734,process_5
user_36,8,748,process_14
user_37,12,543,process_40
user_37,11,505,process_1
user_37,8,778,process_8
user_38,12,560,process_15
user_38,12,421,process_29
user_38,12,496,process_33
user_38,12,512,process_39
user_39,9,774,process_23
user_39,6,666,process_18
user_39,8,754,process_14
user_39,4,770,process_29
user_40,0,1022,process_46
user_40,1,1029,process_34
user_40,2,946,process_34
user_40,1,987,process_22
user_41,0,1042,process_34
user_41,5,807,process_47
user_41,6,764,process_6
user_41,5,724,process_19
user_42,2,1055,process_16
user_42,0,1013,process_34
user_42,7,662,process_34
user_42,6,749,process_31
user_43,11,482,process_21
user_43,12,488,process_34
user_43,0,993,process_6
user_44,5,732,process_3
user_44,8,776,process_49
user_44,6,790,process_25
user_45,2,733,process_38
user_45,6,715,process_26
user_45,6,768,process_21
user_45,4,732,process_13
user_46,11,503,process_39
user_46,12,458,process_39
user_46,11,479,process_25
user_46,12,419,process_39
user_47,12,539,process_39
user_47,11,513,process_39
user_47,6,728,process_3
user_48,6,747,process_24
user_48,5,701,process_5
user_48,6,809,process_38
user_49,10,509,process_39
user_49,12,514,process_38
user_49,11,593,process_40
user_49,11,512,process_10
user_50,1,1062,process_5
user_50,0,1065,process_41
user_50,2,960,process_33
user_50,0,1027,process_35
user_51,1,992,process_34
user_51,0,1002,process_48
user_51,1,943,process_22
user_51,0,944,process_47
user_52,4,807,process_20
user_52,8,713,process_40
user_52,4,727,process_5
user_52,8,765,process_4
user_53,1,986,process_9
user_53,1,958,process_36
user_53,1,981,process_35
user_53,0,1015,process_34
user_54,7,746,process_5
user_54,7,760,process_5
user_54,8,766,process_5
user_54,8,795,process_46
user_55,10,483,process_11
user_55,11,483,process_39
user_55,1,1029,process_20
user_55,0,953,process_23
user_56,1,1018,process_36
user_56,0,1029,process_15
user_56,0,1015,process_47
user_57,6,757,process_10
user_57,4,781,process_28
user_57,3,744,process_30
user_58,0,1017,process_23
user_58,0,987,process_34
user_58,6,754,process_1
user_59,12,489,process_47
user_59,11,519,process_32
user_59,12,466,process_7
user_59,11,489,process_49
user_60,0,951,process_34
user_60,0,973,process_34
user_60,7,695,process_26
user_60,6,732,process_22
user_61,5,778,process_38
user_61,5,808,process_5
user_61,8,714,process_13
user_61,5,743,process_20
user_62,6,747,process_5
user_62,5,774,process_40
user_62,8,805,process_21
user_62,7,730,process_1
user_63,11,464,process_5
user_63,11,498,process_22
user_63,11,518,process_24
user_64,12,537,process_17
user_64,12,511,process_34
user_64,12,506,process_39
user_64,11,528,process_30
user_65,11,470,process_43
user_65,11,500,process_17
user_65,12,555,process_39
user_65,12,495,process_21
user_66,12,501,process_39
user_66,7,793,process_5
user_66,8,806,process_5
user_66,3,675,process_5
user_67,11,474,process_6
user_67,12,494,process_19
user_67,12,551,process_39
user_67,10,494,process_28
user_68,12,510,process_28
user_68,12,417,process_26
user_68,11,525,process_8
user_68,11,542,process_14
user_69,5,768,process_21
user_69,6,764,process_48
user_69,8,778,process_22
user_70,0,970,process_38
user_70,1,1001,process_34
user_70,1,932,process_24
user_71,8,688,process_0
user_71,6,762,process_43
user_71,4,730,process_5
user_72,2,972,process_16
user_72,0,967,process_35
user_72,1,934,process_8
user_73,6,791,process_6
user_73,4,768,process_21
user_73,4,733,process_10
user_73,10,759,process_7
user_74,0,926,process_34
user_74,0,949,process_45
user_74,1,1042,process_34
user_74,3,1016,process_3
user_75,11,478,process_25
user_75,12,567,process_39
user_75,12,498,process_30
user_75,12,516,process_39
user_76,10,439,process_42
user_76,12,546,process_39
user_76,11,501,process_35
user_76,1,940,process_19
user_77,12,546,process_19
user_77,11,443,process_48
user_77,12,496,process_35
user_77,5,757,process_7
user_78,0,974,process_34
user_78,0,982,process_13
user_78,5,679,process_1
user_79,2,767,process_31
user_79,6,767,process_11
user_79,10,798,process_10
user_79,7,756,process_5
user_80,12,564,process_24
user_80,12,487,process_39
user_80,11,587,process_39
user_80,11,506,process_6
user_81,1,1059,process_34
user_81,1,925,process_34
user_81,0,990,process_44
user_82,4,700,process_25
user_82,7,812,process_32
user_82,5,769,process_25
user_82,3,739,process_7
user_83,12,443,process_5
user_83,11,486,process_8
user_83,12,519,process_23
user_83,5,750,process_37
user_84,9,439,process_0
user_84,12,574,process_7
user_84,11,515,process_39
user_84,1,1054,process_34
user_85,12,502,process_23
user_85,12,543,process_49
user_85,11,480,process_42
user_85,12,437,process_8
user_86,4,754,process_5
user_86,4,777,process_5
user_86,5,749,process_5
user_86,6,733,process_43
user_87,0,1004,process_34
user_87,1,941,process_2
user_87,0,1035,process_15
user_87,0,996,process_33
user_88,0,964,process_48
user_88,0,966,process_46
user_88,1,983,process_19
user_89,12,443,process_34
user_89,12,549,process_44
user_89,10,528,process_39
user_89,11,530,process_27
user_90,12,509,process_39
user_90,12,446,process_2
user_90,12,556,process_35
user_90,10,481,process_44
user_91,12,492,process_17
user_91,6,752,process_5
user_91,8,732,process_22
user_92,11,478,process_39
user_92,12,509,process_35
user_92,10,449,process_39
user_93,11,478,process_26
user_93,11,461,process_39
user_93,12,471,process_3
user_94,2,1061,process_34
user_94,0,1006,process_34
user_94,1,1019,process_19
user_94,0,998,process_34
user_95,1,996,process_42
user_95,0,1009,process_34
user_95,0,979,process_4
user_95,0,1001,process_34
user_96,1,1018,process_19
user_96,0,993,process_3
user_96,0,949,process_25
user_97,1,963,process_36
user_97,0,979,process_34
user_97,0,1030,process_42
user_97,3,1053,process_34
user_98,1,954,process_23
user_98,0,992,process_3
user_98,1,1015,process_34
user_99,5,689,process_5
user_99,6,792,process_26
user_99,4,795,process_22
user_99,8,766,process_30
user_100,12,492,process_35
user_100,10,531,process_14
user_100,11,565,process_2
user_100,12,474,process_3
user_101,11,482,process_44
user_101,0,984,process_34
user_101,3,950,process_11
user_101,0,989,process_17
user_102,10,528,process_47
user_102,7,668,process_5
user_102,7,755,process_5
user_102,5,773,process_38
user_103,11,508,process_12
user_103,12,550,process_39
user_103,12,468,process_47
user_104,5,765,process_11
user_104,7,732,process_5
user_104,5,756,process_39
user_104,7,755,process_21
user_105,1,952,process_26
user_105,3,1010,process_34
user_105,1,946,process_34
user_105,0,946,process_4
user_106,12,543,process_4
user_106,11,515,process_36
user_106,11,519,process_47
user_106,2,1031,process_49
user_107,1,986,process_5
user_107,0,983,process_37
user_107,3,1057,process_36
user_107,2,1007,process_34
user_108,4,716,process_35
user_108,5,714,process_5
user_108,7,761,process_37
user_108,5,796,process_44
user_109,8,560,process_45
user_109,11,502,process_45
user_109,5,785,process_4
user_110,1,954,process_25
user_110,0,1003,process_18
user_110,0,909,process_0
user_111,6,829,process_5
user_111,5,709,process_5
user_111,3,783,process_10
user_112,12,502,process_38
user_112,12,531,process_39
user_112,11,462,process_5
user_112,1,1014,process_34
user_113,10,535,process_16
user_113,12,490,process_1
user_113,12,516,process_39
user_113,6,771,process_20
user_114,0,1060,process_28
user_114,0,952,process_34
user_114,1,1059,process_48
user_115,12,467,process_37
user_115,12,450,process_39
user_115,12,508,process_39
user_115,12,518,process_39
user_116,10,471,process_27
user_116,12,479,process_39
user_116,12,423,process_14
user_116,11,541,process_39
user_117,11,546,process_7
user_117,12,514,process_41
user_117,12,559,process_20
user_118,12,537,process_46
user_118,12,486,process_3
user_118,12,486,process_21
user_118,11,415,process_16
user_119,5,731,process_11
user_119,3,721,process_13
user_119,3,791,process_6
user_119,3,713,process_16
user_120,11,484,process_39
user_120,11,506,process_41
user_120,12,488,process_9
user_120,11,541,process_39
user_121,0,951,process_44
user_121,1,1036,process_42
user_121,7,749,process_29
user_121,6,763,process_5
user_122,6,693,process_2
user_122,3,739,process_3
user_122,4,740,process_43
user_122,5,722,process_43
user_123,2,1026,process_37
user_123,1,1006,process_34
user_123,6,715,process_48
user_124,6,726,process_21
user_124,5,732,process_5
user_124,6,773,process_31
user_124,3,676,process_8
user_125,11,510,process_39
user_125,12,506,process_13
user_125,12,516,process_39
user_125,12,490,process_2
user_126,11,506,process_16
user_126,5,790,process_17
user_126,7,685,process_32
user_126,4,763,process_17
user_127,12,515,process_38
user_127,11,461,process_39
user_127,12,499,process_39
user_127,12,512,process_46
user_128,1,1028,process_18
user_128,0,958,process_36
user_128,0,989,process_34
user_128,1,1017,process_22
user_129,0,1022,process_6
user_129,1,1061,process_23
user_129,7,781,process_39
user_129,5,739,process_17
user_130,0,1009,process_34
user_130,1,968,process_6
user_130,1,1054,process_34
user_131,11,560,process_15
user_131,12,496,process_35
user_131,9,420,process_39
user_132,10,468,process_21
user_132,11,517,process_49
user_132,12,493,process_29
user_132,12,478,process_25
user_133,12,433,process_3
user_133,12,490,process_13
user_133,12,516,process_26
user_134,10,484,process_39
user_134,11,460,process_20
user_134,12,528,process_32
user_135,1,964,process_13
user_135,0,1029,process_49
user_135,0,1010,process_44
user_136,4,702,process_39
user_136,11,747,process_4
user_136,5,738,process_5
user_136,8,790,process_3
user_137,11,530,process_39
user_137,12,531,process_14
user_137,8,793,process_28
user_137,6,755,process_15
user_138,0,1006,process_36
user_138,0,953,process_34
user_138,5,750,process_16
user_138,4,773,process_25
user_139,12,457,process_17
user_139,1,985,process_20
user_139,0,1002,process_44
user_139,1,975,process_34
user_140,0,1010,process_22
user_140,1,1034,process_23
user_140,8,780,process_5
user_141,11,473,process_31
user_141,12,520,process_28
user_141,12,452,process_39
user_141,10,528,process_4
user_142,2,950,process_31
user_142,3,764,process_12
user_142,5,699,process_12
user_142,7,686,process_5
user_143,12,539,process_1
user_143,12,470,process_39
user_143,0,1007,process_4
user_144,12,450,process_17
user_144,12,581,process_8
user_144,12,534,process_39
user_144,11,492,process_39
user_145,0,990,process_30
user_145,0,956,process_3
user_145,0,987,process_40
user_146,7,794,process_7
user_146,3,822,process_44
user_146,7,758,process_5
user_146,4,738,process_4
user_147,0,996,process_43
user_147,2,1040,process_22
user_147,0,1036,process_30
user_147,2,1034,process_37
user_148,11,474,process_36
user_148,11,461,process_39
user_148,12,536,process_12
user_149,1,1001,process_34
user_149,1,1022,process_34
user_149,2,936,process_41
user_149,1,998,process_34
user_150,0,923,process_49
user_150,1,1006,process_31
user_150,1,970,process_36
user_151,12,423,process_39
user_151,6,546,process_37
user_151,10,472,process_39
user_151,11,471,process_34
user_152,11,480,process_39
user_152,12,506,process_19
user_152,11,596,process_19
user_152,10,521,process_39
user_153,11,516,process_12
user_153,1,1063,process_10
user_153,0,1058,process_47
user_153,1,978,process_34
user_154,6,802,process_32
user_154,7,731,process_14
user_154,7,743,process_28
user_154,5,748,process_11
user_155,11,516,process_21
user_155,12,539,process_22
user_155,0,978,process_4
user_156,12,552,process_30
user_156,11,544,process_13
user_156,10,455,process_16
user_156,12,505,process_17
user_157,0,983,process_26
user_157,0,981,process_22
user_157,0,999,process_24
user_157,0,958,process_8
user_158,5,718,process_2
user_158,6,799,process_18
user_158,2,728,process_25
user_158,5,775,process_15
user_159,12,471,process_39
user_159,12,476,process_32
user_159,11,497,process_39
user_160,0,985,process_28
user_160,1,1013,process_34
user_160,7,741,process_33
user_161,1,1062,process_45
user_161,1,1067,process_16
user_161,3,985,process_49
user_161,0,988,process_14
user_162,7,734,process_24
user_162,6,741,process_40
user_162,7,753,process_48
user_162,8,781,process_32
user_163,10,521,process_39
user_163,10,479,process_39
user_163,11,437,process_39
user_163,12,500,process_7
user_164,11,507,process_39
user_164,1,977,process_43
user_164,1,973,process_34
user_164,9,783,process_25
user_165,9,701,process_5
user_165,4,826,process_44
user_165,7,800,process_5
user_165,5,723,process_39
user_166,11,507,process_31
user_166,12,529,process_11
user_166,11,545,process_10
user_166,12,532,process_39
user_167,7,723,process_31
user_167,6,755,process_29
user_167,8,697,process_17
user_167,5,816,process_29
user_168,7,765,process_5
user_168,5,735,process_23
user_168,7,777,process_35
user_168,9,743,process_11
user_169,11,474,process_39
user_169,12,513,process_39
user_169,0,1007,process_41
user_169,1,1061,process_1
user_170,12,537,process_23
user_170,12,551,process_21
user_170,12,501,process_38
user_171,0,962,process_6
user_171,0,999,process_46
user_171,1,1052,process_34
user_172,7,845,process_32
user_172,5,741,process_38
user_172,9,718,process_36
user_172,4,791,process_30
user_173,7,714,process_5
user_173,5,759,process_5
user_173,7,719,process_0
user_174,11,489,process_17
user_174,12,487,process_39
user_174,2,1005,process_18
user_174,0,1068,process_24
user_175,12,507,process_40
user_175,12,545,process_13
user_175,12,596,process_39
user_175,12,452,process_39
user_176,7,775,process_2
user_176,5,736,process_42
user_176,5,734,process_5
user_176,6,730,process_6
user_177,11,463,process_24
user_177,12,494,process_42
user_177,12,463,process_32
user_178,0,972,process_16
user_178,2,993,process_3
user_178,5,696,process_5
user_179,0,1040,process_23
user_179,1,945,process_38
user_179,0,982,process_3
user_179,6,769,process_39
user_180,11,495,process_33
user_180,12,478,process_6
user_180,4,722,process_46
user_180,5,797,process_5
user_181,12,457,process_5
user_181,12,529,process_18
user_181,12,428,process_47
user_181,12,582,process_9
user_182,10,528,process_45
user_182,12,521,process_19
user_182,12,506,process_2
user_182,12,537,process_24
user_183,1,1036,process_46
user_183,0,1029,process_21
user_183,9,751,process_42
user_184,7,725,process_25
user_184,7,732,process_30
user_184,7,735,process_19
user_185,4,696,process_42
user_185,8,742,process_6
user_185,2,745,process_28
user_185,5,718,process_39
user_186,1,1054,process_38
user_186,8,677,process_5
user_186,10,787,process_42
user_186,7,755,process_15
user_187,0,967,process_34
user_187,1,1031,process_5
user_187,0,1014,process_48
user_187,0,986,process_36
user_188,4,781,process_21
user_188,2,699,process_8
user_188,6,785,process_24
user_188,8,769,process_12
user_189,0,1041,process_1
user_189,7,767,process_24
user_189,7,763,process_5
user_190,12,504,process_18
user_190,12,478,process_17
user_190,12,468,process_12
user_191,1,993,process_47
user_191,0,1035,process_34
user_191,0,1058,process_30
user_191,1,1028,process_34
user_192,12,449,process_15
user_192,11,450,process_39
user_192,12,447,process_39
user_192,1,1032,process_43
user_193,2,756,process_15
user_193,3,810,process_33
user_193,5,747,process_5
user_193,7,720,process_14
user_194,1,1031,process_15
user_194,1,1001,process_49
user_194,0,1039,process_43
user_194,0,1046,process_48
user_195,7,771,process_44
user_195,7,731,process_36
user_195,5,769,process_4
user_195,4,748,process_44
user_196,12,460,process_2
user_196,0,1057,process_37
user_196,0,981,process_47
user_196,0,920,process_43
user_197,11,480,process_26
user_197,4,783,process_32
user_197,4,792,process_47
user_197,4,807,process_27
user_198,12,465,process_39
user_198,11,432,process_23
user_198,5,726,process_5
user_199,1,1049,process_10
user_199,0,1019,process_20
user_199,1,964,process_41
user_199,1,1019,process_34
user_200,12,480,process_6
user_200,11,520,process_39
user_200,12,491,process_39
user_200,10,681,process_5
user_201,9,774,process_5
user_201,5,700,process_13
user_201,8,799,process_5
user_201,6,764,process_30
user_202,11,471,process_49
user_202,12,454,process_39
user_202,11,489,process_7
user_202,11,463,process_41
user_203,10,518,process_8
user_203,10,517,process_39
user_203,11,501,process_39
user_203,11,498,process_16
user_204,1,1063,process_3
user_204,0,1048,process_32
user_204,2,989,process_17
user_204,8,686,process_5
user_205,0,927,process_36
user_205,0,994,process_36
user_205,1,1003,process_36
user_206,0,1030,process_31
user_206,0,961,process_26
user_206,1,956,process_24
user_207,12,541,process_17
user_207,0,1003,process_34
user_207,0,986,process_34
user_207,5,785,process_5
user_208,3,979,process_34
user_208,0,975,process_42
user_208,7,739,process_5
user_209,7,766,process_5
user_209,7,761,process_8
user_209,5,803,process_5
user_209,3,774,process_45
user_210,10,519,process_6
user_210,4,672,process_3
user_210,6,747,process_24
user_210,5,744,process_31
user_211,0,1006,process_19
user_211,0,997,process_34
user_211,0,917,process_49
user_211,0,988,process_39
user_212,12,461,process_15
user_212,5,684,process_32
user_212,11,790,process_48
user_213,7,730,process_8
user_213,6,738,process_4
user_213,8,788,process_40
user_213,9,786,process_5
user_214,1,1012,process_29
user_214,0,1024,process_43
user_214,2,1005,process_34
user_214,2,1015,process_46
user_215,11,517,process_5
user_215,12,505,process_25
user_215,12,496,process_47
user_215,12,585,process_39
user_216,1,988,process_34
user_216,0,968,process_34
user_216,0,936,process_39
user_216,1,1002,process_44
user_217,0,943,process_15
user_217,1,998,process_34
user_217,0,989,process_15
user_217,0,975,process_34
user_218,12,471,process_7
user_218,1,1037,process_28
user_218,1,1030,process_15
user_218,2,1003,process_34
user_219,11,499,process_17
user_219,0,906,process_34
user_219,0,964,process_37
user_220,11,495,process_11
user_220,2,1024,process_23
user_220,4,730,process_5
user_221,4,792,process_25
user_221,7,698,process_33
user_221,5,711,process_25
user_221,7,678,process_38
user_222,0,985,process_30
user_222,1,1007,process_7
user_222,1,934,process_34
user_223,3,812,process_15
user_223,6,748,process_47
user_223,6,767,process_0
user_223,3,723,process_37
user_224,11,544,process_27
user_224,12,552,process_34
user_224,11,501,process_39
user_224,1,995,process_18
user_225,12,474,process_21
user_225,12,506,process_2
user_225,0,1005,process_6
user_225,0,958,process_30
user_226,7,742,process_35
user_226,5,678,process_5
user_226,5,780,process_43
user_226,8,753,process_12
user_227,1,902,process_40
user_227,1,951,process_34
user_227,1,1076,process_42
user_227,1,1015,process_26
user_228,3,697,process_7
user_228,6,750,process_31
user_228,6,781,process_5
user_228,7,743,process_41
user_229,12,522,process_39
user_229,11,503,process_26
user_229,11,484,process_32
user_229,11,475,process_47
user_230,1,1032,process_12
user_230,0,996,process_31
user_230,0,976,process_20
user_231,0,994,process_34
user_231,0,1032,process_2
user_231,6,719,process_31
user_231,9,754,process_11
user_232,5,674,process_29
user_232,5,727,process_11
user_232,3,777,process_36
user_232,8,772,process_35
user_233,12,476,process_6
user_233,12,440,process_49
user_233,0,993,process_45
user_234,8,676,process_12
user_234,9,751,process_1
user_234,7,682,process_38
user_234,4,759,process_29
user_235,12,478,process_39
user_235,12,485,process_10
user_235,10,485,process_39
user_236,10,467,process_39
user_236,12,440,process_39
user_236,11,496,process_45
user_237,7,759,process_33
user_237,8,700,process_39
user_237,2,739,process_18
user_238,1,946,process_11
user_238,0,983,process_11
user_238,1,1048,process_32
user_239,12,538,process_25
user_239,11,481,process_40
user_239,12,477,process_39
user_240,0,1012,process_44
user_240,1,1026,process_34
user_240,1,1067,process_16
user_241,1,1010,process_22
user_241,0,1047,process_22
user_241,1,943,process_48
user_241,0,990,process_20
user_242,6,670,process_45
user_242,8,758,process_5
user_242,9,743,process_5
user_242,9,710,process_5
user_243,12,443,process_6
user_243,12,465,process_39
user_243,12,597,process_42
user_243,7,765,process_15
user_244,12,499,process_17
user_244,0,953,process_24
user_244,0,947,process_30
user_245,12,468,process_41
user_245,11,506,process_39
user_245,12,492,process_20
user_246,1,1021,process_31
user_246,0,999,process_34
user_246,2,1010,process_44
user_246,2,985,process_44
user_247,12,468,process_28
user_247,12,477,process_36
user_247,10,520,process_42
user_247,11,556,process_3
user_248,11,480,process_20
user_248,7,736,process_46
user_248,6,779,process_42
user_248,8,761,process_5
user_249,7,748,process_6
user_249,9,747,process_19
user_249,8,728,process_18
user_249,8,741,process_0
user_250,11,535,process_42
user_250,12,409,process_39
user_250,12,539,process_39
user_250,11,483,process_39
user_251,0,1087,process_34
user_251,0,979,process_36
user_251,0,1002,process_0
user_251,0,976,process_7
user_252,12,501,process_39
user_252,11,492,process_47
user_252,11,524,process_4
user_252,10,529,process_0
user_253,0,1028,process_15
user_253,0,1016,process_14
user_253,2,994,process_40
user_253,0,917,process_34
user_254,9,492,process_14
user_254,12,464,process_39
user_254,5,788,process_37
user_254,6,754,process_5
user_255,11,545,process_30
user_255,12,486,process_22
user_255,12,552,process_4
user_256,5,711,process_13
user_256,8,707,process_36
user_256,6,764,process_48
user_256,7,727,process_40
user_257,1,965,process_0
user_257,0,965,process_34
user_257,1,956,process_34
user_257,0,911,process_28
user_258,12,490,process_38
user_258,0,1061,process_7
user_258,3,1032,process_1
user_258,0,999,process_35
user_259,12,538,process_24
user_259,12,496,process_39
user_259,11,425,process_29
user_259,12,500,process_30
user_260,7,695,process_24
user_260,5,766,process_39
user_260,6,719,process_5
user_261,11,514,process_5
user_261,0,1017,process_34
user_261,0,1020,process_34
user_261,1,983,process_13
user_262,12,482,process_25
user_262,10,474,process_39
user_262,11,499,process_15
user_263,6,714,process_28
user_263,7,760,process_5
user_263,6,810,process_4
user_263,5,768,process_19
user_264,1,1006,process_34
user_264,2,945,process_23
user_264,0,1038,process_34
user_264,1,938,process_33
user_265,9,492,process_16
user_265,12,474,process_27
user_265,1,956,process_34
user_265,2,1008,process_39
user_266,12,368,process_13
user_266,12,529,process_6
user_266,12,485,process_24
user_266,12,516,process_39
user_267,0,977,process_23
user_267,1,984,process_34
user_267,0,1038,process_4
user_267,0,1056,process_30
user_268,0,1017,process_10
user_268,0,1023,process_17
user_268,0,970,process_22
user_269,12,566,process_37
user_269,12,496,process_39
user_269,12,510,process_9
user_269,11,462,process_0
user_270,10,473,process_27
user_270,11,516,process_10
user_270,10,526,process_11
user_270,12,432,process_39
user_271,0,954,process_33
user_271,2,1006,process_13
user_271,1,981,process_24
user_271,1,969,process_11
user_272,1,921,process_34
user_272,2,945,process_8
user_272,1,930,process_18
user_273,12,567,process_11
user_273,10,487,process_33
user_273,11,462,process_17
user_273,2,1024,process_44
user_274,0,957,process_36
user_274,0,1006,process_29
user_274,0,974,process_34
user_274,0,999,process_42
user_275,0,906,process_3
user_275,0,892,process_40
user_275,1,1018,process_35
user_276,8,755,process_5
user_276,7,742,process_5
user_276,5,713,process_32
user_277,0,1004,process_34
user_277,1,978,process_24
user_277,1,1032,process_34
user_277,0,998,process_22
user_278,5,731,process_42
user_278,4,766,process_48
user_278,6,746,process_12
user_279,12,486,process_13
user_279,12,447,process_39
user_279,12,490,process_37
user_279,1,995,process_19
user_280,10,479,process_39
user_280,11,521,process_32
user_280,12,504,process_27
user_280,8,760,process_18
user_281,6,797,process_24
user_281,4,670,process_33
user_281,5,695,process_14
user_282,12,503,process_42
user_282,10,432,process_18
user_282,5,721,process_5
user_282,7,732,process_9
user_283,12,489,process_39
user_283,12,492,process_4
user_283,12,456,process_38
user_284,6,801,process_12
user_284,5,745,process_29
user_284,5,779,process_25
user_285,1,973,process_34
user_285,0,982,process_15
user_285,5,747,process_32
user_285,9,727,process_26
user_286,7,756,process_5
user_286,3,840,process_37
user_286,4,724,process_8
user_286,7,731,process_25
user_287,12,496,process_8
user_287,12,489,process_44
user_287,10,513,process_32
user_287,12,457,process_17
user_288,0,989,process_34
user_288,1,974,process_29
user_288,1,1053,process_34
user_288,0,996,process_34
user_289,0,992,process_18
user_289,0,979,process_34
user_289,1,1019,process_40
user_290,12,471,process_6
user_290,11,448,process_8
user_290,11,557,process_22
user_291,12,490,process_30
user_291,12,512,process_44
user_291,11,514,process_44
user_292,12,531,process_17
user_292,12,458,process_45
user_292,12,452,process_40
user_292,12,509,process_1
user_293,4,757,process_37
user_293,5,755,process_44
user_293,5,734,process_39
user_293,8,769,process_3
user_294,2,1015,process_49
user_294,0,1031,process_22
user_294,0,1003,process_34
user_294,1,1003,process_34
user_295,6,722,process_40
user_295,5,689,process_17
user_295,5,764,process_0
user_295,5,689,process_36
user_296,12,485,process_39
user_296,0,966,process_6
user_296,0,1015,process_3
user_297,12,444,process_12
user_297,11,496,process_36
user_297,12,489,process_39
user_297,0,1008,process_34
user_298,8,817,process_9
user_298,7,719,process_17
user_298,3,810,process_19
user_298,5,745,process_5
user_299,1,979,process_36
user_299,0,1058,process_34
user_299,1,959,process_48
