session_time,key,failed_calls,timer,processes,user
1004.3611351554573,UqgH,1,14.049488387264846,['process_9'],user1
1005.4750156317281,wu,2,1.7144368263016783,"['process_28', 'process_40', 'process_9']",user1
1005.6312605452497,xWBLtYBQG,2,15.655671314889972,"['process_28', 'process_30', 'process_49']",user1
1006.0897349167353,vXVZfoK,2,11.043925857958731,"['process_47', 'process_36', 'process_23', 'process_3', 'process_50', 'process_54']",user1
1005.9687825014265,kgXdjwQ,1,3.273575389157511,"['process_29', 'process_48', 'process_50', 'process_36', 'process_7', 'process_0']",user1
1003.9622921269843,Of,0,12.247149056684988,"['process_27', 'process_19']",user1
1004.1794136441234,PBekYGee,3,13.614338446886629,"['process_50', 'process_28', 'process_31']",user1
1006.1954314147262,amAGQeYS,0,4.045319315763182,"['process_43', 'process_28', 'process_47']",user1
1005.9328436515565,Mqzs,1,6.8424565168455675,"['process_32', 'process_36', 'process_43', 'process_35']",user1
1004.9896312402936,sezvqD,0,23.24915643486621,"['process_24', 'process_45', 'process_32']",user1
1005.4544655544706,fEXnyJHqv,1,12.880649681679191,['process_46'],user1
1005.8938165777483,t,1,34.12361996123617,"['process_34', 'process_28', 'process_37']",user1
1004.9131803276466,XAK,0,0.42982781897677286,"['process_42', 'process_38', 'process_43', 'process_50']",user1
1006.596648106354,CqmeF,2,0.7541076311979094,"['process_50', 'process_30', 'process_43', 'process_43', 'process_29']",user1
1004.2528109095582,zxOSNGCe,1,18.7494176440181,"['process_37', 'process_23', 'process_2', 'process_41', 'process_56']",user1
1005.9906492308075,vXVZfoK,1,11.277801982962464,"['process_28', 'process_5', 'process_38', 'process_34', 'process_50', 'process_32', 'process_51', 'process_41']",user1
1004.0866224762401,QEDaDdBlF,0,14.416653882830161,"['process_50', 'process_5', 'process_24', 'process_43']",user1
1005.4349609304182,XUi,1,6.648973723325625,"['process_7', 'process_19', 'process_43', 'process_8', 'process_1', 'process_10', 'process_23', 'process_49']",user1
1005.3880817614747,K,1,3.6295017099211613,"['process_10', 'process_50', 'process_46', 'process_38', 'process_55', 'process_31']",user1
1004.0741429376802,t,1,34.895523712932416,"['process_50', 'process_9']",user1
1003.8051276883946,CStUbP,0,1.0473954767804308,"['process_45', 'process_35', 'process_28', 'process_56', 'process_10', 'process_43']",user1
1005.558910522106,lFvwjJrZ,0,0.5274729080906327,"['process_8', 'process_28']",user1
1006.245016361984,AHphaXUx,1,14.768674549134195,"['process_5', 'process_54', 'process_42', 'process_36', 'process_32', 'process_50']",user1
1004.7493822105661,K,1,3.4971583375127633,"['process_19', 'process_43', 'process_9', 'process_28', 'process_22', 'process_37', 'process_1']",user1
1003.2759154725703,vXVZfoK,1,10.979436827770282,"['process_27', 'process_56', 'process_29']",user1
1005.7837593329248,LvDqyqUFF,2,1.6308809350663886,"['process_10', 'process_44']",user1
1005.5207590235195,RMUpIDrpeR,3,1.5265413212869539,"['process_51', 'process_35', 'process_50', 'process_36', 'process_27']",user1
1004.2740542777169,gGZaysqr,0,10.505020542323507,"['process_3', 'process_43', 'process_36', 'process_29']",user1
1004.8077135133509,q,0,10.136789323449714,"['process_43', 'process_36', 'process_3', 'process_36', 'process_28', 'process_22', 'process_43', 'process_43', 'process_43', 'process_51', 'process_8']",user1
1003.4219972757735,uuPi,1,2.3175538507975517,[],user1
1003.9735030001883,kwlV,0,5.692895008914254,"['process_55', 'process_30', 'process_49', 'process_28', 'process_36', 'process_0', 'process_43', 'process_50', 'process_50', 'process_36', 'process_35', 'process_36', 'process_28']",user1
1003.559675258965,JCG,6,17.57435517197282,"['process_24', 'process_5', 'process_48', 'process_1']",user1
1005.3017403974558,oNwibG,0,8.78047894665257,"['process_9', 'process_37', 'process_3', 'process_3']",user1
1004.8669399281639,zJWZbWfX,1,3.773522785850645,"['process_29', 'process_29', 'process_36', 'process_31', 'process_7', 'process_43', 'process_23']",user1
1003.9498629778694,MDa,0,1.82983475272197,"['process_29', 'process_36', 'process_3']",user1
1002.8907173440883,KWBnMWluNP,0,13.421701540933405,"['process_50', 'process_1', 'process_3', 'process_36']",user1
1005.559264927341,K,4,3.468560077988085,"['process_50', 'process_28', 'process_35']",user1
1003.9293888417975,t,0,41.497447465692964,"['process_50', 'process_14', 'process_22', 'process_48', 'process_28']",user1
1006.0124791673097,Cj,1,2.6935240814843544,"['process_29', 'process_4', 'process_31', 'process_22', 'process_36', 'process_28', 'process_30']",user1
1004.6810705269246,qOR,2,6.308219919693734,"['process_43', 'process_31']",user1
1005.1276429276314,zJWZbWfX,2,3.7648748170231174,"['process_45', 'process_7']",user1
1006.5491894091091,MBOJTH,0,4.576797318641564,['process_36'],user1
1004.2753842168679,K,0,3.6192877550534313,"['process_56', 'process_54', 'process_36', 'process_20', 'process_5']",user1
1004.2096225280696,JjEZKqHffQ,1,29.044684000567692,"['process_36', 'process_51', 'process_28', 'process_14']",user1
1003.8285878127139,Gnvt,2,4.914936935676578,"['process_30', 'process_22', 'process_28', 'process_37', 'process_5', 'process_56', 'process_43']",user1
1005.1576905761476,quqLjhd,1,5.876752734077239,"['process_39', 'process_43', 'process_36', 'process_44']",user1
1004.7799095751701,PAwCiVuzRR,1,2.1352822050570537,"['process_24', 'process_50', 'process_5']",user1
1004.1770223696386,vXVZfoK,1,10.81022103136209,"['process_10', 'process_32']",user1
1003.5405814322758,Gnvt,0,4.888323515420398,"['process_50', 'process_43']",user1
1005.982619508284,v,0,19.648135816013294,"['process_50', 'process_20', 'process_0', 'process_50', 'process_43', 'process_42']",user1
1003.8593194650018,AHphaXUx,4,14.800261929561705,"['process_5', 'process_9', 'process_0', 'process_38', 'process_43']",user1
1005.1498881757431,o,0,7.390682752469907,"['process_0', 'process_0', 'process_43']",user1
1004.8618956669991,MnvfM,0,31.498998460483936,"['process_27', 'process_36']",user1
1004.4882643715937,xWuysL,1,61.64788190564917,['process_7'],user1
1005.972837267996,f,0,24.297423356455177,"['process_56', 'process_1', 'process_20', 'process_50', 'process_50']",user1
1005.730231244179,LvDqyqUFF,0,1.6260003718766314,"['process_28', 'process_43', 'process_50', 'process_28', 'process_24', 'process_54', 'process_7']",user1
1004.8905705910515,tqsZr,0,2.5298253191676117,['process_0'],user1
1005.4328621518722,Cj,2,2.830562674263967,"['process_24', 'process_28', 'process_50', 'process_36']",user1
1004.9628272288795,rma,1,7.919547223322045,"['process_29', 'process_24', 'process_36', 'process_56']",user1
1006.6089612925259,LvDqyqUFF,3,1.6316627450840335,"['process_43', 'process_43', 'process_28']",user1
1006.044943322472,iZNJlxNHos,1,0.6012203444961627,"['process_20', 'process_22', 'process_35', 'process_42', 'process_7']",user1
1004.2674865667927,JjEZKqHffQ,1,27.789507369637533,"['process_49', 'process_56', 'process_43', 'process_40', 'process_50', 'process_50', 'process_14']",user1
1005.5236500768228,XZNWs,1,27.196088477498662,"['process_28', 'process_55', 'process_45']",user1
1004.0433578037644,WFuT,2,20.999658242032346,"['process_23', 'process_43', 'process_37', 'process_45']",user1
1003.8301434622587,Ws,3,53.17050548980135,"['process_7', 'process_24', 'process_7', 'process_35', 'process_28', 'process_1', 'process_29', 'process_27', 'process_23', 'process_56']",user1
1006.0629554080869,lWJSVuK,2,9.53201392973541,"['process_56', 'process_9', 'process_0']",user1
1003.4851006783362,ULjJSFUnp,0,25.361665654175468,"['process_5', 'process_40', 'process_50', 'process_7', 'process_14']",user1
1005.7191521467894,D,2,15.360633938754134,[],user1
1006.3816933488017,CStUbP,1,1.0216680689934357,"['process_31', 'process_28', 'process_35']",user1
1004.4300532889897,Gnvt,1,4.980037503287301,"['process_20', 'process_35', 'process_36']",user1
1004.2283181824939,pWFIa,3,9.910099217267845,"['process_28', 'process_36', 'process_36', 'process_34']",user1
1004.840876803416,JiwoRm,0,3.691878151636536,"['process_56', 'process_50']",user1
1004.4682219425102,y,1,0.5513109077945997,"['process_0', 'process_4', 'process_56', 'process_46', 'process_36']",user1
1004.8245424229798,IJeUixJ,1,22.038457390647523,[],user1
1005.7229680886693,Ws,0,47.101346406658365,"['process_50', 'process_1', 'process_50', 'process_27', 'process_48']",user1
1005.3503747400191,sezvqD,1,23.572487956505967,"['process_5', 'process_23', 'process_42', 'process_45']",user1
1005.6369543121345,rma,2,7.913979857690247,"['process_28', 'process_0', 'process_14', 'process_50', 'process_50']",user1
1005.387147242372,ms,0,1.553962632365272,"['process_42', 'process_56', 'process_22', 'process_51', 'process_3', 'process_28', 'process_36']",user1
1004.2525183537178,lFvwjJrZ,1,0.5130610652915527,"['process_34', 'process_7']",user1
1004.5041655738947,HlB,1,4.757156170865791,"['process_1', 'process_56']",user1
1006.7040261415866,Of,2,12.287712569021409,"['process_54', 'process_8', 'process_43', 'process_19', 'process_14']",user1
1005.9799734183852,D,0,14.971618339503568,"['process_43', 'process_36', 'process_27', 'process_43', 'process_35', 'process_45', 'process_20']",user1
1005.1935375939559,ZAb,1,32.48916669503017,"['process_37', 'process_43', 'process_1']",user1
1005.6241396299462,Gnvt,2,4.835522239090801,"['process_45', 'process_35']",user1
1005.2242801320523,OKZRJEi,2,14.337944786421346,['process_28'],user1
1004.1488487320112,IclnzgXr,0,6.811319780202898,"['process_50', 'process_43']",user1
1005.4460734065789,amAGQeYS,1,3.9431142148461387,"['process_54', 'process_24', 'process_28', 'process_50']",user1
1005.7036756700945,YVHHhCi,1,0.2915564875840295,"['process_7', 'process_36']",user1
1006.0801772274863,JiwoRm,0,3.695833462460642,"['process_32', 'process_36', 'process_28']",user1
1004.1806975324372,AHphaXUx,2,14.80589732184628,"['process_28', 'process_36', 'process_28', 'process_28', 'process_28', 'process_23']",user1
1003.9736168574576,ByjHxrAgH,1,1.9142566215752876,"['process_52', 'process_43']",user1
1003.4701663671154,vXVZfoK,1,11.34220160123175,"['process_24', 'process_3', 'process_38', 'process_19', 'process_51', 'process_28']",user1
1003.1408629246995,vXVZfoK,0,11.395815731188,"['process_30', 'process_4', 'process_24', 'process_50']",user1
1006.9238799958904,K,0,3.593149700167924,"['process_28', 'process_0', 'process_30', 'process_46', 'process_41', 'process_55', 'process_9', 'process_36']",user1
1006.4364381872164,cRTQ,0,9.318072298507651,"['process_28', 'process_36', 'process_42', 'process_43', 'process_19', 'process_7']",user1
1004.1548399063622,kgXdjwQ,1,3.2348325229608053,"['process_28', 'process_44', 'process_23', 'process_39', 'process_19']",user1
1004.2321268862693,Gnvt,1,4.958133235459964,"['process_27', 'process_47', 'process_43', 'process_20', 'process_19']",user1
1006.1469573037082,QEDaDdBlF,3,14.457296658089085,"['process_0', 'process_43', 'process_54', 'process_28', 'process_9']",user1
1005.83766235184,WOrLmzBL,1,5.336494760214902,"['process_19', 'process_50', 'process_24']",user1
1005.3300087803348,CqmeF,2,0.8414372985037559,"['process_36', 'process_46']",user1
1009.954228390483,t,7,19.83104798711467,"['process_15', 'process_30', 'process_55', 'process_29', 'process_4']",user2
1010.3989178790898,quqLjhd,8,3.0935540092431086,"['process_58', 'process_22', 'process_15', 'process_26']",user2
1010.2848996376978,WOrLmzBL,6,2.7267821411164355,"['process_41', 'process_47']",user2
1009.9437152986121,t,5,20.61356798113106,"['process_55', 'process_15', 'process_29', 'process_11', 'process_7', 'process_15', 'process_15', 'process_15']",user2
1009.0853173490201,SRlB,7,0.5606822925534475,"['process_7', 'process_26', 'process_26', 'process_15', 'process_26', 'process_10']",user2
1010.9030456379168,fwndhWLZ,4,11.125212306529793,"['process_15', 'process_11', 'process_58']",user2
1010.622441723726,fEXnyJHqv,8,6.921319882203479,"['process_30', 'process_0', 'process_44', 'process_58', 'process_11']",user2
1010.0119143092261,xBHPA,2,1.6134119707106978,"['process_10', 'process_32', 'process_1']",user2
1008.7965972799062,AQ,4,3.7310187017615317,"['process_39', 'process_15', 'process_54', 'process_15', 'process_54', 'process_58']",user2
1009.4430756923593,R,5,16.136101462324365,"['process_24', 'process_3']",user2
1010.4509128444331,MBOJTH,2,2.381686307484272,"['process_15', 'process_26', 'process_26', 'process_52', 'process_32']",user2
1010.9020362416487,uuPi,8,1.221874840627425,['process_58'],user2
1011.300282604258,zxOSNGCe,2,9.850089757941003,"['process_37', 'process_34', 'process_51']",user2
1008.3332229950013,vXVZfoK,8,5.874441597811679,"['process_55', 'process_26']",user2
1009.3266096717949,HlB,4,2.434135450085824,"['process_15', 'process_4', 'process_8', 'process_44']",user2
1008.6847055677654,cRTQ,6,4.81873578338032,"['process_37', 'process_26']",user2
1011.2498922753985,Cj,9,1.4557144773520954,"['process_48', 'process_26', 'process_58', 'process_49', 'process_46']",user2
1008.8535584868991,MBOJTH,7,2.408981705574967,"['process_58', 'process_55']",user2
1010.1695265441417,amAGQeYS,3,2.1445817630968245,"['process_26', 'process_4', 'process_15', 'process_58', 'process_51']",user2
1008.0774614627162,vXVZfoK,3,5.973989639377536,"['process_38', 'process_30', 'process_19', 'process_48', 'process_23', 'process_52', 'process_58']",user2
1011.5727248690463,K,6,1.900562575397404,"['process_8', 'process_11', 'process_46']",user2
1007.3867627171211,V,4,3.823967441800848,"['process_22', 'process_47', 'process_15', 'process_41', 'process_45']",user2
1010.5845608577443,d,2,3.2168808009047773,['process_35'],user2
1009.5651962832662,o,4,3.910472089791938,"['process_30', 'process_26']",user2
1010.2526512336572,Cj,8,1.4316329673710362,"['process_58', 'process_26']",user2
1009.8401606074427,yxikvjG,6,10.006807160567798,"['process_42', 'process_11', 'process_11', 'process_56', 'process_58', 'process_34']",user2
1011.2414995495857,Cj,5,1.4310461441624605,"['process_11', 'process_23', 'process_4', 'process_49', 'process_26']",user2
1010.0621926677911,f,8,12.831975393096524,"['process_15', 'process_58', 'process_42']",user2
1009.7998255973569,oy,6,6.6761186890552,"['process_11', 'process_26', 'process_58', 'process_2']",user2
1008.9672498454571,nAHNIaiZCA,10,0.24789115020672262,"['process_2', 'process_22', 'process_11']",user2
1007.5182256698221,V,10,3.8206289261176107,"['process_11', 'process_26', 'process_11', 'process_1']",user2
1011.0558347818865,FRmx,4,9.600052096665559,"['process_1', 'process_15', 'process_27']",user2
1009.636276064893,kGBsl,7,0.7176965301541097,"['process_38', 'process_20', 'process_11']",user2
1010.9210998149634,cPmgcxxjLj,4,2.9313798232535606,"['process_22', 'process_41', 'process_30', 'process_29', 'process_14', 'process_15', 'process_44']",user2
1009.7707387392024,KaHKTBCh,3,3.9835942099438966,"['process_39', 'process_19', 'process_26', 'process_15', 'process_7']",user2
1009.4849018358166,heqK,9,2.9083865596482283,"['process_44', 'process_58']",user2
1011.2530831163608,bL,5,10.471770025946286,"['process_40', 'process_52', 'process_58', 'process_11', 'process_26']",user2
1012.2911447707328,jpPVbrX,5,2.312655982267524,"['process_11', 'process_5', 'process_26', 'process_14']",user2
1010.2454244421215,CqmeF,5,0.42692180596667045,"['process_0', 'process_26']",user2
1008.9340530212594,JiwoRm,8,1.9649997513459856,"['process_26', 'process_58', 'process_3', 'process_41', 'process_48', 'process_23', 'process_11', 'process_5', 'process_4']",user2
1010.001423621813,PAwCiVuzRR,4,1.1494562422737022,"['process_24', 'process_58', 'process_20', 'process_27', 'process_24']",user2
1010.5956498360669,henUnLg,7,13.453430298048417,"['process_15', 'process_58', 'process_31']",user2
1007.7765030913064,GiCEE,7,4.551228940446963,"['process_23', 'process_58', 'process_26', 'process_7']",user2
1009.8690722994334,rma,7,4.118210296779796,"['process_37', 'process_49', 'process_5', 'process_15']",user2
1011.0265649573454,RMUpIDrpeR,6,0.7839921196827471,"['process_3', 'process_11']",user2
1009.6867460421705,oNwibG,9,4.594306099728284,"['process_26', 'process_8', 'process_35', 'process_58', 'process_11', 'process_20']",user2
1009.6391676840615,zFWhlS,5,11.941748665674863,"['process_22', 'process_40', 'process_23']",user2
1010.109582501832,sezvqD,9,12.342208788250302,"['process_26', 'process_48', 'process_15']",user2
1010.1870664093756,MnvfM,4,16.588067722117543,"['process_27', 'process_58', 'process_47', 'process_4', 'process_4', 'process_9']",user2
1008.2191512766464,AQ,4,3.6505178583671136,"['process_41', 'process_11', 'process_55']",user2
1010.8249871444538,IclnzgXr,7,3.550492113174233,"['process_37', 'process_26', 'process_24']",user2
1009.5917052158635,jpPVbrX,5,2.3070134166201224,"['process_34', 'process_26']",user2
1009.4463801929649,amAGQeYS,5,2.130080724838457,"['process_37', 'process_26', 'process_26', 'process_41', 'process_29', 'process_26']",user2
1010.1149406125829,YVHHhCi,6,0.10930784574534176,['process_48'],user2
1008.9375282696536,Gnvt,7,2.600098468040546,"['process_11', 'process_0']",user2
1010.8775204249704,v,6,10.268440259802372,[],user2
1010.7768898335268,q,4,5.366872404809877,"['process_11', 'process_14', 'process_9']",user2
1009.1146002177733,XAK,3,0.20495115158070337,"['process_11', 'process_23', 'process_38', 'process_26', 'process_24', 'process_45', 'process_11']",user2
1008.9508765009183,tqsZr,3,1.3094588133631448,"['process_58', 'process_58']",user2
1009.055775254846,nAHNIaiZCA,8,0.24705359527866075,"['process_30', 'process_19', 'process_37', 'process_10', 'process_58', 'process_15']",user2
1009.1545920977982,kgXdjwQ,4,1.7022572969944592,"['process_20', 'process_37', 'process_37', 'process_31', 'process_44', 'process_4', 'process_26']",user2
1010.3480643289519,o,3,3.891019023766476,"['process_3', 'process_47', 'process_56']",user2
1010.3068199133754,amAGQeYS,3,2.029026286849732,"['process_32', 'process_8', 'process_34', 'process_26', 'process_0']",user2
1010.5271575335795,v,8,10.419656963908055,"['process_42', 'process_24', 'process_40', 'process_48']",user2
1009.7179738243753,cRTQ,6,4.730204024649755,"['process_9', 'process_34', 'process_26', 'process_15', 'process_44']",user2
1008.8027473335192,nAHNIaiZCA,8,0.2585014722200254,"['process_30', 'process_46', 'process_3', 'process_26', 'process_30', 'process_45', 'process_55']",user2
1008.2374075425206,CqmeF,3,0.4325497690858198,"['process_52', 'process_58', 'process_56', 'process_56']",user2
1010.1286413733848,LvDqyqUFF,10,0.8461993595940809,"['process_46', 'process_29', 'process_47', 'process_7', 'process_41']",user2
1009.5319477460042,PAwCiVuzRR,6,1.147496481498408,"['process_0', 'process_24', 'process_58', 'process_58', 'process_27']",user2
1009.574201222195,t,3,20.284241782727953,"['process_26', 'process_26', 'process_0', 'process_32']",user2
1011.3371341304448,ULovelDTw,6,6.2871083684333575,['process_39'],user2
1008.8086767939983,sMph,4,1.582145112176018,"['process_26', 'process_54', 'process_44']",user2
1010.1042276883351,FRmx,8,9.709007735134831,"['process_37', 'process_11', 'process_26', 'process_15', 'process_45', 'process_31']",user2
1008.4351537461292,ULjJSFUnp,7,13.062569994227823,"['process_26', 'process_45', 'process_58']",user2
1008.0886604585972,Cj,6,1.4017416986328095,"['process_32', 'process_9', 'process_15', 'process_7', 'process_58', 'process_45']",user2
1009.7022638001407,fEXnyJHqv,5,6.934914340513387,[],user2
1012.9317581778071,K,4,1.8480727548887386,"['process_11', 'process_26', 'process_15', 'process_11', 'process_26']",user2
1007.3045355448586,QSYluI,4,1.6821427779414793,"['process_30', 'process_55', 'process_0', 'process_26']",user2
1008.9763992223058,vScQeYCNAI,3,5.578859089060993,"['process_15', 'process_24', 'process_2', 'process_44', 'process_58']",user2
1009.6127716020321,kGBsl,6,0.7000827623649377,"['process_4', 'process_30', 'process_29', 'process_48', 'process_42']",user2
1011.258131946269,YVHHhCi,6,0.14655192298432054,"['process_24', 'process_38', 'process_15']",user2
1009.8012385568179,YnfWWlBTqr,12,1.5675045786695325,"['process_31', 'process_47']",user2
1009.5678837196741,SFfJB,6,11.770551865559492,"['process_37', 'process_26']",user2
1010.4640288979076,fEXnyJHqv,1,6.858005659716895,['process_52'],user2
1010.2842841635453,yxikvjG,8,10.081098955760263,['process_30'],user2
1010.3819539238523,sezvqD,7,12.454747373310536,"['process_55', 'process_26', 'process_9']",user2
1009.5518146563037,MDa,6,0.9567160023282169,"['process_11', 'process_9', 'process_11', 'process_19', 'process_15']",user2
1008.1530316034854,heqK,5,2.8730677451039597,"['process_54', 'process_30']",user2
1012.1006398742063,V,6,3.817043576063628,"['process_11', 'process_14', 'process_58']",user2
1010.0183479463611,QSYluI,6,1.663696316196399,"['process_40', 'process_31', 'process_45', 'process_58']",user2
1008.6546576011451,PAwCiVuzRR,6,1.1425957157862414,"['process_56', 'process_40', 'process_58', 'process_26', 'process_20', 'process_26']",user2
1010.3871749005149,MDa,3,0.9490536430505393,"['process_32', 'process_26', 'process_41']",user2
1009.3295740747725,jpPVbrX,4,2.2682030459252704,['process_38'],user2
1009.9432900570245,vXVZfoK,5,5.779964584886311,"['process_40', 'process_15', 'process_32']",user2
1008.0426087790858,or,8,1.3738745480315442,"['process_15', 'process_58', 'process_5', 'process_11']",user2
1010.0501445075478,V,3,3.8311474779019994,"['process_30', 'process_15', 'process_47', 'process_23', 'process_20']",user2
1009.7260365507191,AJVIfWTPU,5,3.33114208376233,"['process_9', 'process_3', 'process_38', 'process_20', 'process_44']",user2
1009.760043416096,K,12,1.918770808972257,"['process_26', 'process_45']",user2
1009.308778698602,IclnzgXr,2,3.5720648530108163,"['process_47', 'process_40', 'process_1', 'process_11']",user2
1009.7397723514285,AQ,6,3.7128331287186405,"['process_26', 'process_15', 'process_44', 'process_11', 'process_58']",user2
1005.5974691828299,PAwCiVuzRR,7,2.2610911735999095,"['process_2', 'process_35']",user3
1003.906625919129,ULovelDTw,10,10.866020306079996,[],user3
1005.918913579778,Of,12,11.43566311219862,['process_34'],user3
1005.4980773677802,IwcRgkw,6,17.989065025619976,"['process_51', 'process_23', 'process_32', 'process_57', 'process_33', 'process_25', 'process_40']",user3
1008.2517888264358,lzMQN,12,6.838406465728546,"['process_25', 'process_3']",user3
1002.5290946371866,o,11,7.055283712676448,"['process_35', 'process_25']",user3
1006.1320856187804,Of,11,11.625728902844845,['process_30'],user3
1006.0245864471044,fEXnyJHqv,8,12.274898886001903,"['process_21', 'process_44', 'process_25']",user3
1005.3561245816634,bzxj,13,1.3055608717976828,"['process_47', 'process_42']",user3
1004.4435003267573,dxZYqMrdUg,19,13.53419747061892,"['process_57', 'process_30', 'process_46', 'process_27', 'process_21', 'process_14', 'process_35']",user3
1004.2744006958757,PBekYGee,8,13.159096407157095,"['process_21', 'process_19']",user3
1006.4497917783171,HlB,10,4.845126315161775,['process_5'],user3
1004.661014027982,sGRXGkiRqh,9,8.405498984111668,"['process_57', 'process_21', 'process_1', 'process_31', 'process_42']",user3
1007.7938130372634,lzMQN,9,6.766545987866902,"['process_57', 'process_22', 'process_25', 'process_7', 'process_25', 'process_10', 'process_21', 'process_49', 'process_25']",user3
1006.2911352003106,xk,12,1.1283625980170604,"['process_32', 'process_8', 'process_27', 'process_56', 'process_56']",user3
1007.2723880078033,fwndhWLZ,11,19.600025562513473,"['process_21', 'process_33', 'process_37', 'process_9']",user3
1004.2839678596267,knYB,9,8.646686001777704,"['process_48', 'process_21']",user3
1004.6907625636991,UVB,11,7.869700079387069,"['process_38', 'process_48', 'process_25', 'process_29', 'process_40', 'process_57']",user3
1004.0039875419433,K,5,4.000712645773831,"['process_20', 'process_20', 'process_57', 'process_55', 'process_3', 'process_33', 'process_57']",user3
1003.9685746380369,xk,13,1.1175701231471615,"['process_32', 'process_33', 'process_25']",user3
1004.0203785053623,r,12,14.782860397744402,"['process_31', 'process_33']",user3
1005.0170523985882,iZNJlxNHos,8,0.4504720663983598,"['process_35', 'process_42', 'process_14', 'process_23', 'process_19']",user3
1006.4124113306352,Kb,10,33.84037623068291,"['process_21', 'process_1']",user3
1003.1803979028585,Axiuk,6,3.803594259348642,"['process_9', 'process_25']",user3
1006.4564208764376,mfJGY,13,3.3529522112995283,"['process_40', 'process_4', 'process_25', 'process_33', 'process_21', 'process_25']",user3
1004.7293132999787,mfJGY,13,3.4567738539267516,"['process_44', 'process_19', 'process_54', 'process_21', 'process_1', 'process_21']",user3
1004.1337154221474,o,11,7.069328007214742,"['process_20', 'process_38', 'process_29']",user3
1006.2389929846868,xk,10,1.1287829926738517,[],user3
1005.7573758494124,SFjQtDPY,9,5.0280510284914826,"['process_57', 'process_56', 'process_31', 'process_57', 'process_27', 'process_24', 'process_24']",user3
1006.9881128347864,NVvrbUkae,4,8.707735879685043,"['process_14', 'process_0', 'process_25', 'process_1', 'process_31', 'process_45', 'process_57', 'process_27']",user3
1005.0865661733699,quqLjhd,10,5.927844516876879,"['process_40', 'process_21', 'process_5', 'process_25', 'process_32']",user3
1002.7740253605944,xWBLtYBQG,15,15.325369670453847,"['process_57', 'process_42', 'process_30']",user3
1003.3968117823867,PBekYGee,7,13.145898607624924,"['process_52', 'process_44', 'process_25']",user3
1006.9865512534768,JiwoRm,14,4.127886510867746,"['process_19', 'process_46', 'process_54', 'process_38', 'process_27', 'process_1', 'process_30']",user3
1004.8174442150316,ncPo,5,10.518274013455507,"['process_57', 'process_24', 'process_24', 'process_32', 'process_52', 'process_25', 'process_25']",user3
1004.2325004533783,vFNRg,11,8.151112736048375,"['process_49', 'process_45', 'process_32', 'process_49', 'process_1']",user3
1005.6313301222782,MQqpLcT,6,4.392896978993115,"['process_57', 'process_21', 'process_49', 'process_4', 'process_48']",user3
1006.2737659297832,o,9,7.044492992057261,"['process_7', 'process_24']",user3
1004.2361599770895,ZxSyUMibiF,10,8.587313166940097,"['process_20', 'process_9', 'process_42', 'process_23']",user3
1006.2767331945448,kwlV,9,5.7700768479998334,"['process_33', 'process_35', 'process_33', 'process_41']",user3
1005.7995195170348,SRlB,10,0.8737079841035461,"['process_51', 'process_57', 'process_27', 'process_38', 'process_57', 'process_24']",user3
1003.1524344945642,heqK,16,5.1244513311542015,"['process_27', 'process_21', 'process_57', 'process_33']",user3
1002.7472196174544,r,6,14.709561088729705,"['process_47', 'process_3', 'process_21', 'process_25', 'process_31']",user3
1004.1801704420267,ieWFKCh,11,10.050367134746612,"['process_33', 'process_52', 'process_57', 'process_44']",user3
1004.6360344649833,Hc,14,2.244336328154341,"['process_57', 'process_33']",user3
1003.8873142476515,xWuysL,5,60.961931352407106,"['process_56', 'process_37', 'process_31', 'process_57', 'process_24', 'process_25', 'process_57']",user3
1004.4887505815706,UqgH,8,13.732562845684505,"['process_47', 'process_14']",user3
1006.0295467068645,MQqpLcT,11,4.344722200661613,"['process_25', 'process_39', 'process_22']",user3
1006.3939420250755,K,10,4.055642569684796,"['process_49', 'process_8', 'process_34']",user3
1005.3153622465753,YNv,4,8.488542891161426,"['process_19', 'process_21', 'process_33', 'process_57']",user3
1007.2114773492999,RFOv,6,6.149971213543371,"['process_21', 'process_33']",user3
1005.7833591902481,WOrLmzBL,7,4.915461033856569,"['process_52', 'process_21']",user3
1006.2007591778473,JhkVlmcLOb,15,1.7750261831541472,['process_10'],user3
1004.8174443154759,WOrLmzBL,8,4.937196150392136,[],user3
1008.0640674876822,zxOSNGCe,18,17.250958328990468,"['process_25', 'process_49']",user3
1004.4464315838659,zJWZbWfX,9,4.157875982455202,"['process_57', 'process_57', 'process_25']",user3
1005.1745464579304,ALoWz,4,15.58565871289357,"['process_3', 'process_27', 'process_8', 'process_1']",user3
1005.2987743114704,PnLDxGxI,8,0.6192228693768799,"['process_46', 'process_52', 'process_46', 'process_27', 'process_57']",user3
1005.611870595491,IiEMTwZ,11,16.12194132995654,"['process_57', 'process_0', 'process_33', 'process_33']",user3
1004.0993994176683,EUP,17,27.70432181899853,"['process_21', 'process_47', 'process_44']",user3
1004.854720297383,sGRXGkiRqh,15,8.351973720005716,"['process_25', 'process_33']",user3
1006.060655953504,ALoWz,7,15.734042245473587,"['process_21', 'process_57', 'process_21', 'process_14']",user3
1004.9395801922831,UVB,8,7.81248209457483,"['process_10', 'process_57', 'process_25']",user3
1004.9086125525963,YzVhoCm,9,9.650531035415518,"['process_49', 'process_48', 'process_21', 'process_39']",user3
1005.1217386403787,quqLjhd,11,5.942545597825109,"['process_33', 'process_52', 'process_57', 'process_21']",user3
1004.7348658753327,bL,7,18.442614824539326,"['process_2', 'process_5']",user3
1005.0238294483032,CStUbP,10,0.793839405841912,"['process_39', 'process_57', 'process_48', 'process_49', 'process_57', 'process_4']",user3
1007.5964476377121,WZrbdBsOvn,15,2.102762794618164,"['process_51', 'process_33']",user3
1005.1974327155027,lzMQN,8,6.775198369787798,"['process_4', 'process_21', 'process_22', 'process_33', 'process_14', 'process_56']",user3
1005.1219879589378,UVB,12,7.843622492687915,"['process_46', 'process_44', 'process_29', 'process_42', 'process_21']",user3
1004.9727098207225,henUnLg,6,25.132264826820936,"['process_21', 'process_57', 'process_51']",user3
1005.134478877744,UqgH,7,13.65627575466926,"['process_33', 'process_5', 'process_25', 'process_45']",user3
1005.11134853784,Hc,11,2.1381054126457615,"['process_21', 'process_19', 'process_2', 'process_37', 'process_21', 'process_25']",user3
1003.7236799097363,fEXnyJHqv,4,12.341478499558782,"['process_41', 'process_47', 'process_25']",user3
1003.7924992845641,IJeUixJ,8,20.554235214196872,"['process_52', 'process_20', 'process_56']",user3
1003.1708023616179,quqLjhd,16,5.961146043063779,"['process_25', 'process_39', 'process_35', 'process_4', 'process_39', 'process_34']",user3
1006.9489423524486,FyJfNjEG,9,0.8791736934504852,"['process_40', 'process_30', 'process_14', 'process_29', 'process_57', 'process_54']",user3
1004.8213063291768,SJXJw,5,2.549880343944075,"['process_32', 'process_33', 'process_46', 'process_48', 'process_14', 'process_48']",user3
1005.9386264361902,PnLDxGxI,17,0.5675726200779944,"['process_24', 'process_8', 'process_25', 'process_21', 'process_1', 'process_35']",user3
1005.2049096119506,fEXnyJHqv,14,12.182222751874125,['process_57'],user3
1003.3369779782913,oNwibG,12,8.98130279193544,"['process_3', 'process_7', 'process_45', 'process_45', 'process_24', 'process_52']",user3
1004.1370653844182,V,13,6.948496160396408,"['process_31', 'process_33', 'process_21']",user3
1006.7024063541805,OKZRJEi,7,14.242050304363508,"['process_55', 'process_33', 'process_33', 'process_55', 'process_42', 'process_7', 'process_32']",user3
1004.7073203638937,KXivvdSc,14,25.21578300210428,"['process_23', 'process_57', 'process_4']",user3
1004.9965911236804,Ws,9,43.99033870890033,"['process_25', 'process_20', 'process_5']",user3
1005.7897255814324,heqK,13,5.125395390631667,"['process_8', 'process_38', 'process_51']",user3
1004.701386183982,henUnLg,14,24.97531894161294,"['process_57', 'process_2', 'process_4', 'process_52', 'process_20', 'process_21']",user3
1003.8305045683228,Kb,13,34.49652533607068,"['process_27', 'process_57', 'process_41', 'process_39']",user3
1005.4877530247284,wu,8,1.8578210202115932,"['process_57', 'process_25', 'process_40', 'process_30']",user3
1004.4499395394683,XMXbl,15,7.525351859644616,"['process_57', 'process_30', 'process_44', 'process_5', 'process_21', 'process_37']",user3
1004.4114094411831,MBOJTH,11,4.691141413245584,"['process_19', 'process_34', 'process_21', 'process_33', 'process_7']",user3
1007.173274099443,cPmgcxxjLj,6,5.397689995710881,"['process_32', 'process_25', 'process_19', 'process_48', 'process_49']",user3
1005.284964940256,lzMQN,11,6.587025964554827,"['process_21', 'process_38', 'process_34', 'process_32', 'process_33', 'process_25']",user3
1005.5068702675218,Of,8,11.747677381235526,"['process_7', 'process_24', 'process_24']",user3
1005.0281447201655,Lpjjq,12,8.786752670959556,"['process_42', 'process_57', 'process_33', 'process_33', 'process_21']",user3
1003.9980325653204,SFfJB,5,21.87775469381013,"['process_25', 'process_21', 'process_21', 'process_57', 'process_49']",user3
1003.9850180420727,heqK,12,5.179299852810323,"['process_8', 'process_57', 'process_24', 'process_38', 'process_35', 'process_25']",user3
1003.7909269408883,Axiuk,7,3.7902082178487992,"['process_8', 'process_21', 'process_7', 'process_37', 'process_21', 'process_42', 'process_10', 'process_14']",user3
1003.6103012850789,RFOv,6,6.15853390617612,"['process_10', 'process_52', 'process_33', 'process_21', 'process_33', 'process_24', 'process_9']",user3
1005.5345520563304,PBekYGee,10,13.231698915070094,"['process_24', 'process_35', 'process_25', 'process_9', 'process_4', 'process_3', 'process_56']",user3
1009.9125699060182,KUP,10,0.001130447356232425,"['process_10', 'process_12', 'process_17']",user4
1009.9921736565157,IwcRgkw,12,0.8964077437009664,"['process_12', 'process_53', 'process_40', 'process_31']",user4
1010.1183510891133,Klo,14,0.30394947394770866,"['process_34', 'process_16', 'process_17', 'process_12']",user4
1010.1709186887762,KUP,1,0.0014770265623647617,"['process_0', 'process_44', 'process_12', 'process_12', 'process_53', 'process_16', 'process_42', 'process_12']",user4
1010.0237419641494,f,8,1.1857144040837837,"['process_17', 'process_5', 'process_23', 'process_32', 'process_42', 'process_40', 'process_16']",user4
1009.4682833886374,xWBLtYBQG,11,0.7606745734817598,"['process_32', 'process_0', 'process_7', 'process_37']",user4
1009.6208224177558,nAHNIaiZCA,10,0.01763207174297806,"['process_12', 'process_19', 'process_12']",user4
1012.0152706864602,o,9,0.3677962985635492,"['process_34', 'process_41', 'process_53', 'process_35']",user4
1009.2100931134026,XTIykld,9,0.556963921944155,"['process_27', 'process_24', 'process_42', 'process_9']",user4
1008.0652071259765,wbzsue,9,0.3152628126164768,"['process_17', 'process_4', 'process_45', 'process_24', 'process_53']",user4
1009.0795736577418,SFfJB,9,1.0773477309794044,"['process_12', 'process_53', 'process_42', 'process_16']",user4
1010.3889671188131,cGZ,8,0.04825334774020826,"['process_40', 'process_24', 'process_51', 'process_17', 'process_12']",user4
1008.6015028604781,nAHNIaiZCA,13,0.01517937294135212,"['process_53', 'process_34', 'process_46', 'process_12', 'process_53', 'process_9', 'process_42', 'process_22', 'process_12']",user4
1010.103492934684,YVHHhCi,12,0.009940422957491198,"['process_5', 'process_16', 'process_53', 'process_49', 'process_3', 'process_47']",user4
1009.412827576654,MQqpLcT,12,0.21129262984701955,"['process_5', 'process_53']",user4
1009.8508352787788,kwlV,11,0.28686139950077433,"['process_53', 'process_37', 'process_54', 'process_16', 'process_41']",user4
1008.6187039398616,ncPo,9,0.5272548259141702,"['process_29', 'process_35']",user4
1008.9287585913123,QcHKACWqNL,11,0.07609598780998353,"['process_32', 'process_12', 'process_12', 'process_46', 'process_16', 'process_53', 'process_49']",user4
1008.8927442413866,o,9,0.3696683759152045,['process_53'],user4
1008.152719774366,Hc,6,0.1084679970195036,"['process_12', 'process_23', 'process_34', 'process_16', 'process_12']",user4
1011.364214820977,fdtcpGlPns,12,0.24525342812490047,"['process_54', 'process_41', 'process_14', 'process_0', 'process_10']",user4
1009.6693784110537,PnLDxGxI,11,0.02981085841250053,"['process_17', 'process_53', 'process_29', 'process_53', 'process_34']",user4
1009.1922473835378,NIWt,7,0.013501982118782731,"['process_27', 'process_42', 'process_17', 'process_56']",user4
1008.3267633565732,Kb,8,1.7584152662162411,"['process_17', 'process_53', 'process_53']",user4
1009.6076664911922,MQqpLcT,7,0.2210031022299027,['process_4'],user4
1010.3173275584023,Axiuk,5,0.18985393124074718,"['process_53', 'process_53', 'process_44', 'process_12']",user4
1008.83994079714,amAGQeYS,12,0.2274640553908806,"['process_35', 'process_16', 'process_29', 'process_8', 'process_53', 'process_12', 'process_31']",user4
1011.4291222378679,Nsyhjzwj,11,0.27183355863679043,"['process_32', 'process_19', 'process_17', 'process_1', 'process_30']",user4
1011.1926714680296,t,13,1.9545389926456596,"['process_45', 'process_17', 'process_42']",user4
1010.905963805722,XZNWs,12,1.3619877857219926,['process_12'],user4
1011.487459690944,Nsyhjzwj,7,0.27934296644534246,"['process_2', 'process_29', 'process_17']",user4
1011.1023266901465,ALoWz,13,0.797084796768232,"['process_2', 'process_38', 'process_17', 'process_19', 'process_12', 'process_12']",user4
1008.614737869828,NIWt,11,0.012885081634230645,"['process_10', 'process_17']",user4
1009.2109190795529,WFuT,5,0.9425584525143094,"['process_53', 'process_53', 'process_12', 'process_52', 'process_39', 'process_45', 'process_44', 'process_16', 'process_14']",user4
1010.5460638107107,Axiuk,15,0.1855602154982428,"['process_39', 'process_34']",user4
1010.0847863042057,heqK,15,0.26237495245294074,"['process_12', 'process_16']",user4
1011.1983470709497,ALoWz,12,0.7924757768220485,"['process_38', 'process_27']",user4
1010.6310424032323,WykNw,8,0.07263965934262617,"['process_46', 'process_42', 'process_27']",user4
1008.9216057924062,XTIykld,11,0.5489320786169454,"['process_55', 'process_24', 'process_23', 'process_46', 'process_40', 'process_4', 'process_46']",user4
1009.8559648180592,amAGQeYS,13,0.22699776228944119,"['process_8', 'process_31', 'process_17', 'process_3']",user4
1010.3817604752602,XTIykld,14,0.5583144688139098,"['process_41', 'process_35', 'process_17']",user4
1009.120576527266,KWBnMWluNP,11,0.6495933787782079,"['process_38', 'process_45', 'process_52']",user4
1011.0822807622054,YzVhoCm,12,0.4922383836954487,"['process_14', 'process_12', 'process_12', 'process_53', 'process_35']",user4
1011.2789819204694,XTIykld,15,0.555112353811442,"['process_8', 'process_53', 'process_12', 'process_47', 'process_46', 'process_29', 'process_42', 'process_17', 'process_3']",user4
1010.5470614865451,dhjGiDTw,14,0.23014916635653548,"['process_16', 'process_5', 'process_1', 'process_0']",user4
1009.6115327134335,xBHPA,10,0.15725747056335457,"['process_16', 'process_37', 'process_12', 'process_5']",user4
1008.2823261335653,YNv,13,0.42323792065236876,"['process_39', 'process_16', 'process_17', 'process_17']",user4
1010.4750702748213,sJ,17,1.5822392317601564,['process_44'],user4
1009.848950005096,ncPo,10,0.5210424338054485,"['process_16', 'process_53', 'process_12', 'process_32', 'process_5']",user4
1008.6060641725542,AHphaXUx,10,0.7563528122664214,"['process_8', 'process_12', 'process_42', 'process_12', 'process_4', 'process_10', 'process_4', 'process_2']",user4
1010.8698974372961,d,8,0.29961123841552145,"['process_12', 'process_8', 'process_12']",user4
1008.4115110364556,kGBsl,12,0.07040765659273285,"['process_9', 'process_49', 'process_41', 'process_22']",user4
1010.1480883320743,WykNw,9,0.0728068806159207,"['process_47', 'process_17', 'process_39', 'process_16', 'process_53', 'process_3']",user4
1008.631923762461,JZOwVqc,9,0.5368041281959262,"['process_2', 'process_41', 'process_34']",user4
1010.5871088104429,Of,9,0.5843045240478811,"['process_16', 'process_47', 'process_53', 'process_12']",user4
1009.7904924376943,h,10,0.5395561140805104,"['process_2', 'process_24', 'process_17', 'process_12', 'process_12']",user4
1010.1720977997157,tqsZr,10,0.13809191700902446,"['process_47', 'process_46', 'process_39', 'process_39', 'process_16', 'process_52']",user4
1011.6732115682727,SneioXT,7,0.9985751483843709,"['process_49', 'process_54']",user4
1010.258827252196,vFNRg,8,0.4107719059821476,"['process_46', 'process_46']",user4
1009.7245888217421,mfJGY,17,0.1657591233849864,"['process_12', 'process_32', 'process_41', 'process_54', 'process_20', 'process_16']",user4
1010.487007281686,Hc,10,0.1090259884914386,"['process_56', 'process_10', 'process_17', 'process_55', 'process_34']",user4
1010.470272917754,XUi,6,0.31466272490592606,"['process_27', 'process_16', 'process_17', 'process_16', 'process_17', 'process_34']",user4
1008.8382469194441,A,7,1.8914221973103358,['process_53'],user4
1010.5161444739078,mfJGY,7,0.17352450923309437,"['process_16', 'process_34']",user4
1009.3510862366988,Axiuk,8,0.18325512537778937,"['process_12', 'process_12', 'process_41', 'process_10']",user4
1010.5222983756416,gBKu,13,0.465414679038422,"['process_39', 'process_42', 'process_53', 'process_40', 'process_44', 'process_1']",user4
1009.8570777538637,WZrbdBsOvn,6,0.10558611950545897,"['process_30', 'process_24', 'process_12', 'process_12', 'process_17', 'process_17', 'process_46', 'process_3']",user4
1012.0095266332833,ci,12,0.381266428052423,"['process_53', 'process_53', 'process_41']",user4
1010.0830200165374,FyJfNjEG,8,0.04554312248648291,"['process_32', 'process_41']",user4
1010.4362439812389,ByjHxrAgH,6,0.10373367774183757,"['process_40', 'process_4', 'process_16', 'process_16', 'process_1']",user4
1009.7064898501241,MQqpLcT,7,0.21348194063708145,"['process_16', 'process_53', 'process_17', 'process_54', 'process_47', 'process_54', 'process_9', 'process_12', 'process_27']",user4
1011.50874164659,fGjRRH,13,1.3108366175315274,"['process_4', 'process_20']",user4
1010.2790222280648,UqgH,6,0.6836181978983218,"['process_12', 'process_12', 'process_56']",user4
1012.3704617495747,KaHKTBCh,10,0.3724507575775589,"['process_7', 'process_17', 'process_12', 'process_16', 'process_23', 'process_14', 'process_10', 'process_12']",user4
1009.7856773307188,ms,6,0.08033606579972673,"['process_9', 'process_12', 'process_8', 'process_54']",user4
1010.8307552796967,IwcRgkw,10,0.8871601502871385,"['process_0', 'process_44', 'process_17', 'process_56', 'process_53', 'process_53', 'process_2']",user4
1009.1821065984278,YY,13,0.8296245345643237,"['process_12', 'process_16']",user4
1011.674735788807,zxOSNGCe,14,0.8594570833493923,"['process_19', 'process_24']",user4
1009.268555643531,ieWFKCh,14,0.5046606107078514,"['process_45', 'process_30', 'process_17']",user4
1008.5818000923562,Hc,13,0.10841721987067776,"['process_55', 'process_0', 'process_12', 'process_53', 'process_53', 'process_53']",user4
1011.7292511517423,QEDaDdBlF,8,0.7210662932772894,"['process_16', 'process_40', 'process_39', 'process_24', 'process_53', 'process_17']",user4
1011.2498808490394,MDa,13,0.09468927448167817,"['process_17', 'process_53', 'process_34', 'process_0']",user4
1009.6142792144763,Of,17,0.5709794171691982,"['process_49', 'process_53']",user4
1010.7493633483541,lzMQN,5,0.3338767666402432,"['process_35', 'process_53', 'process_29', 'process_3', 'process_32', 'process_12', 'process_53', 'process_45']",user4
1009.3412937838614,Ws,12,2.2177083905760746,"['process_14', 'process_32', 'process_24', 'process_12', 'process_12', 'process_53']",user4
1010.2431149523371,XTIykld,8,0.5618405182063261,['process_12'],user4
1010.8472607865585,Kb,11,1.7141243972850952,['process_17'],user4
1011.0408793777735,GiCEE,7,0.44455542410109844,"['process_30', 'process_16', 'process_7', 'process_20', 'process_1', 'process_12']",user4
1009.9858983122399,YVHHhCi,4,0.007449245236924323,"['process_12', 'process_12', 'process_46']",user4
1010.9387911869685,bL,13,0.921807310760466,"['process_45', 'process_31', 'process_56', 'process_17']",user4
1008.3140714760757,GaDNAGgxO,10,0.1175568463216613,"['process_12', 'process_38', 'process_38', 'process_17']",user4
1009.7887447475354,KUP,12,0.002023832021754449,"['process_17', 'process_2', 'process_17', 'process_27', 'process_24', 'process_47', 'process_12', 'process_53', 'process_19', 'process_53']",user4
1009.1903895869365,r,10,0.7389783016201218,"['process_23', 'process_30', 'process_20', 'process_53', 'process_16', 'process_10', 'process_35', 'process_10']",user4
1011.0558335272932,quqLjhd,12,0.296293856297522,"['process_16', 'process_19', 'process_4']",user4
1009.956748185255,YzVhoCm,11,0.48316221016427346,"['process_16', 'process_41', 'process_51']",user4
1010.6396441687174,o,12,0.360843887379708,"['process_53', 'process_19', 'process_53']",user4
1008.4073822899838,nJK,10,0.06020231148859061,"['process_53', 'process_17', 'process_0', 'process_32', 'process_35', 'process_9', 'process_54', 'process_54']",user4
1009.9592021204056,KUP,9,0.003964497929264278,"['process_7', 'process_35', 'process_16']",user4
1007.2146874800256,f,14,1.165343580245817,"['process_17', 'process_16', 'process_37', 'process_42', 'process_31', 'process_38']",user4
1009.0026111601835,hxfdycMN,14,0.2521658531318184,"['process_12', 'process_20', 'process_3', 'process_20', 'process_16', 'process_51', 'process_35', 'process_0', 'process_37', 'process_2', 'process_12', 'process_46']",user4
